cm,url
20.0,https://www.amazon.in/s?bbn=1983633031&rh=n%3A1983633031%2Cp_n_size_browse-vebin%3A2022605031&dc&qid=1721656220&rnid=2022076031&ref=lp_1983633031_nr_p_n_size_browse-vebin_0
20.5,https://www.amazon.in/s?bbn=1983633031&rh=n%3A1983633031%2Cp_n_size_browse-vebin%3A2022606031&dc&qid=1721656220&rnid=2022076031&ref=lp_1983633031_nr_p_n_size_browse-vebin_1
21.0,https://www.amazon.in/s?bbn=1983633031&rh=n%3A1983633031%2Cp_n_size_browse-vebin%3A2022606031&dc&qid=1721656220&rnid=2022076031&ref=lp_1983633031_nr_p_n_size_browse-vebin_2
21.5,https://www.amazon.in/s?bbn=1983633031&rh=n%3A1983633031%2Cp_n_size_browse-vebin%3A2022606031&dc&qid=1721656220&rnid=2022076031&ref=lp_1983633031_nr_p_n_size_browse-vebin_3
22.0,https://www.amazon.in/s?bbn=1983633031&rh=n%3A1983633031%2Cp_n_size_browse-vebin%3A2022606031&dc&qid=1721656220&rnid=2022076031&ref=lp_1983633031_nr_p_n_size_browse-vebin_4
22.5,https://www.amazon.in/s?bbn=1983633031&rh=n%3A1983633031%2Cp_n_size_browse-vebin%3A2022606031&dc&qid=1721656220&rnid=2022076031&ref=lp_1983633031_nr_p_n_size_browse-vebin_5
23.0,https://www.amazon.in/s?bbn=1983633031&rh=n%3A1983633031%2Cp_n_size_browse-vebin%3A2022606031&dc&qid=1721656220&rnid=2022076031&ref=lp_1983633031_nr_p_n_size_browse-vebin_6
23.5,https://www.amazon.in/s?bbn=1983633031&rh=n%3A1983633031%2Cp_n_size_browse-vebin%3A2022606031&dc&qid=1721656220&rnid=2022076031&ref=lp_1983633031_nr_p_n_size_browse-vebin_7
24.0,https://www.amazon.in/s?bbn=1983633031&rh=n%3A1983633031%2Cp_n_size_browse-vebin%3A2022606031&dc&qid=1721656220&rnid=2022076031&ref=lp_1983633031_nr_p_n_size_browse-vebin_8
24.5,https://www.amazon.in/s?bbn=1983633031&rh=n%3A1983633031%2Cp_n_size_browse-vebin%3A2022606031&dc&qid=1721656220&rnid=2022076031&ref=lp_1983633031_nr_p_n_size_browse-vebin_9
25.0,https://www.amazon.in/s?bbn=1983633031&rh=n%3A1983633031%2Cp_n_size_browse-vebin%3A2022606031&dc&qid=1721656220&rnid=2022076031&ref=lp_1983633031_nr_p_n_size_browse-vebin_10
25.5,https://www.amazon.in/s?bbn=1983633031&rh=n%3A1983633031%2Cp_n_size_browse-vebin%3A2022615031&dc&qid=1721656220&rnid=2022076031&ref=lp_1983633031_nr_p_n_size_browse-vebin_11
26.0,https://www.amazon.in/s?bbn=1983633031&rh=n%3A1983633031%2Cp_n_size_browse-vebin%3A2022606031&dc&qid=1721656220&rnid=2022076031&ref=lp_1983633031_nr_p_n_size_browse-vebin_12
26.5,https://www.amazon.in/s?bbn=1983633031&rh=n%3A1983633031%2Cp_n_size_browse-vebin%3A2022617031&dc&qid=1721656220&rnid=2022076031&ref=lp_1983633031_nr_p_n_size_browse-vebin_13
27.0,https://www.amazon.in/s?bbn=1983633031&rh=n%3A1983633031%2Cp_n_size_browse-vebin%3A2022619031&dc&qid=1721656220&rnid=2022076031&ref=lp_1983633031_nr_p_n_size_browse-vebin_14
27.5,https://www.amazon.in/s?bbn=1983633031&rh=n%3A1983633031%2Cp_n_size_browse-vebin%3A2022619031&dc&qid=1721656220&rnid=2022076031&ref=lp_1983633031_nr_p_n_size_browse-vebin_15
28.0,https://www.amazon.in/s?bbn=1983633031&rh=n%3A1983633031%2Cp_n_size_browse-vebin%3A2022619031&dc&qid=1721656220&rnid=2022076031&ref=lp_1983633031_nr_p_n_size_browse-vebin_16
28.5,https://www.amazon.in/s?bbn=1983633031&rh=n%3A1983633031%2Cp_n_size_browse-vebin%3A2022619031&dc&qid=1721656220&rnid=2022076031&ref=lp_1983633031_nr_p_n_size_browse-vebin_17
29.0,https://www.amazon.in/s?bbn=1983633031&rh=n%3A1983633031%2Cp_n_size_browse-vebin%3A2022619031&dc&qid=1721656220&rnid=2022076031&ref=lp_1983633031_nr_p_n_size_browse-vebin_18
29.5,https://www.amazon.in/s?bbn=1983633031&rh=n%3A1983633031%2Cp_n_size_browse-vebin%3A2022619031&dc&qid=1721656220&rnid=2022076031&ref=lp_1983633031_nr_p_n_size_browse-vebin_19
30.0,https://www.amazon.in/s?bbn=1983633031&rh=n%3A1983633031%2Cp_n_size_browse-vebin%3A2022619031&dc&qid=1721656220&rnid=2022076031&ref=lp_1983633031_nr_p_n_size_browse-vebin_20
30.5,https://www.amazon.in/s?bbn=1983633031&rh=n%3A1983633031%2Cp_n_size_browse-vebin%3A2022619031&dc&qid=1721656220&rnid=2022076031&ref=lp_1983633031_nr_p_n_size_browse-vebin_21
31.0,https://www.amazon.in/s?bbn=1983633031&rh=n%3A1983633031%2Cp_n_size_browse-vebin%3A22943442031&dc&qid=1721656220&rnid=2022076031&ref=lp_1983633031_nr_p_n_size_browse-vebin_22
31.5,https://www.amazon.in/s?bbn=1983633031&rh=n%3A1983633031%2Cp_n_size_browse-vebin%3A22943442031&dc&qid=1721656220&rnid=2022076031&ref=lp_1983633031_nr_p_n_size_browse-vebin_23
32.0,https://www.amazon.in/s?bbn=1983633031&rh=n%3A1983633031%2Cp_n_size_browse-vebin%3A22943444031&dc&qid=1721656220&rnid=2022076031&ref=lp_1983633031_nr_p_n_size_browse-vebin_24
32.5,https://www.amazon.in/s?bbn=1983633031&rh=n%3A1983633031%2Cp_n_size_browse-vebin%3A22943445031&dc&qid=1721656220&rnid=2022076031&ref=lp_1983633031_nr_p_n_size_browse-vebin_25
33.5,https://www.amazon.in/s?bbn=1983633031&rh=n%3A1983633031%2Cp_n_size_browse-vebin%3A22943447031&dc&qid=1721656220&rnid=2022076031&ref=lp_1983633031_nr_p_n_size_browse-vebin_27
